timestamp,__oldTimestamp,__mode,__color,__type,__src,Drilling ahead ROT,adjusted_index_timestamp
2020-02-17T14:00:00.000+0000,1.581948036538E12,Drilling ahead ROT,#00a073,test_wcj22_15mins_opmode,pipes/event-based clock,1.0,
2020-02-17T14:00:01.000+0000,1.581948037458E12,Drilling ahead ROT,#00a073,test_wcj22_15mins_opmode,pipes/event-based clock,1.0,
2020-02-17T14:00:02.000+0000,1.581948038467E12,Drilling ahead ROT,#00a073,test_wcj22_15mins_opmode,pipes/event-based clock,1.0,
2020-02-17T14:00:03.000+0000,1.581948039475E12,Drilling ahead ROT,#00a073,test_wcj22_15mins_opmode,pipes/event-based clock,1.0,
2020-02-17T14:00:04.000+0000,1.581948040479E12,Drilling ahead ROT,#00a073,test_wcj22_15mins_opmode,pipes/event-based clock,1.0,
2020-02-17T14:00:05.000+0000,1.581948041399E12,Drilling ahead ROT,#00a073,test_wcj22_15mins_opmode,pipes/event-based clock,1.0,
2020-02-17T14:00:06.000+0000,1.581948042518E12,Drilling ahead ROT,#00a073,test_wcj22_15mins_opmode,pipes/event-based clock,1.0,
2020-02-17T14:00:07.000+0000,1.581948043532E12,Drilling ahead ROT,#00a073,test_wcj22_15mins_opmode,pipes/event-based clock,1.0,
2020-02-17T14:00:08.000+0000,1.581948044544E12,Drilling ahead ROT,#00a073,test_wcj22_15mins_opmode,pipes/event-based clock,1.0,
2020-02-17T14:00:09.000+0000,1.581948045524E12,Drilling ahead ROT,#00a073,test_wcj22_15mins_opmode,pipes/event-based clock,1.0,
2020-02-17T14:00:10.000+0000,1.581948046544E12,Drilling ahead ROT,#00a073,test_wcj22_15mins_opmode,pipes/event-based clock,1.0,
2020-02-17T14:00:11.000+0000,1.581948047443E12,Drilling ahead ROT,#00a073,test_wcj22_15mins_opmode,pipes/event-based clock,1.0,
2020-02-17T14:00:12.000+0000,1.581948048724E12,Drilling ahead ROT,#00a073,test_wcj22_15mins_opmode,pipes/event-based clock,1.0,
2020-02-17T14:00:13.000+0000,1.581948049465E12,Drilling ahead ROT,#00a073,test_wcj22_15mins_opmode,pipes/event-based clock,1.0,
2020-02-17T14:00:14.000+0000,1.58194805067E12,Drilling ahead ROT,#00a073,test_wcj22_15mins_opmode,pipes/event-based clock,1.0,
2020-02-17T14:00:15.000+0000,1.581948051481E12,Drilling ahead ROT,#00a073,test_wcj22_15mins_opmode,pipes/event-based clock,1.0,
2020-02-17T14:00:16.000+0000,1.58194805249E12,Drilling ahead ROT,#00a073,test_wcj22_15mins_opmode,pipes/event-based clock,1.0,
2020-02-17T14:00:17.000+0000,1.5819480534E12,Drilling ahead ROT,#00a073,test_wcj22_15mins_opmode,pipes/event-based clock,1.0,
2020-02-17T14:00:18.000+0000,1.581948054521E12,Drilling ahead ROT,#00a073,test_wcj22_15mins_opmode,pipes/event-based clock,1.0,
2020-02-17T14:00:19.000+0000,1.581948055421E12,Drilling ahead ROT,#00a073,test_wcj22_15mins_opmode,pipes/event-based clock,1.0,
2020-02-17T14:00:20.000+0000,1.581948056526E12,Drilling ahead ROT,#00a073,test_wcj22_15mins_opmode,pipes/event-based clock,1.0,
2020-02-17T14:00:21.000+0000,1.581948057547E12,Drilling ahead ROT,#00a073,test_wcj22_15mins_opmode,pipes/event-based clock,1.0,
2020-02-17T14:00:22.000+0000,1.581948058551E12,Drilling ahead ROT,#00a073,test_wcj22_15mins_opmode,pipes/event-based clock,1.0,
2020-02-17T14:00:23.000+0000,1.581948059477E12,Drilling ahead ROT,#00a073,test_wcj22_15mins_opmode,pipes/event-based clock,1.0,
2020-02-17T14:00:24.000+0000,1.581948060615E12,Drilling ahead ROT,#00a073,test_wcj22_15mins_opmode,pipes/event-based clock,1.0,
2020-02-17T14:00:25.000+0000,1.581948062129E12,Drilling ahead ROT,#00a073,test_wcj22_15mins_opmode,pipes/event-based clock,1.0,
2020-02-17T14:00:26.000+0000,1.581948062498E12,Drilling ahead ROT,#00a073,test_wcj22_15mins_opmode,pipes/event-based clock,1.0,
2020-02-17T14:00:27.000+0000,1.581948063407E12,Drilling ahead ROT,#00a073,test_wcj22_15mins_opmode,pipes/event-based clock,1.0,
2020-02-17T14:00:28.000+0000,1.581948064515E12,Drilling ahead ROT,#00a073,test_wcj22_15mins_opmode,pipes/event-based clock,1.0,
2020-02-17T14:00:29.000+0000,1.58194806542E12,Drilling ahead ROT,#00a073,test_wcj22_15mins_opmode,pipes/event-based clock,1.0,
2020-02-17T14:00:30.000+0000,1.581948066445E12,Drilling ahead ROT,#00a073,test_wcj22_15mins_opmode,pipes/event-based clock,1.0,
2020-02-17T14:00:31.000+0000,1.581948067438E12,Drilling ahead ROT,#00a073,test_wcj22_15mins_opmode,pipes/event-based clock,1.0,
2020-02-17T14:00:32.000+0000,1.581948068454E12,Drilling ahead ROT,#00a073,test_wcj22_15mins_opmode,pipes/event-based clock,1.0,
2020-02-17T14:00:33.000+0000,1.581948069483E12,Drilling ahead ROT,#00a073,test_wcj22_15mins_opmode,pipes/event-based clock,1.0,
2020-02-17T14:00:34.000+0000,1.581948070569E12,Drilling ahead ROT,#00a073,test_wcj22_15mins_opmode,pipes/event-based clock,1.0,
2020-02-17T14:00:35.000+0000,1.581948071479E12,Drilling ahead ROT,#00a073,test_wcj22_15mins_opmode,pipes/event-based clock,1.0,
2020-02-17T14:00:36.000+0000,1.581948072588E12,Drilling ahead ROT,#00a073,test_wcj22_15mins_opmode,pipes/event-based clock,1.0,
2020-02-17T14:00:37.000+0000,1.581948073404E12,Drilling ahead ROT,#00a073,test_wcj22_15mins_opmode,pipes/event-based clock,1.0,
2020-02-17T14:00:38.000+0000,1.581948074606E12,Drilling ahead ROT,#00a073,test_wcj22_15mins_opmode,pipes/event-based clock,1.0,
2020-02-17T14:00:39.000+0000,1.58194807552E12,Drilling ahead ROT,#00a073,test_wcj22_15mins_opmode,pipes/event-based clock,1.0,
2020-02-17T14:00:40.000+0000,1.581948076635E12,Drilling ahead ROT,#00a073,test_wcj22_15mins_opmode,pipes/event-based clock,1.0,
2020-02-17T14:00:41.000+0000,1.581948077444E12,Drilling ahead ROT,#00a073,test_wcj22_15mins_opmode,pipes/event-based clock,1.0,
2020-02-17T14:00:42.000+0000,1.581948078756E12,Drilling ahead ROT,#00a073,test_wcj22_15mins_opmode,pipes/event-based clock,1.0,
2020-02-17T14:00:43.000+0000,1.581948079469E12,Drilling ahead ROT,#00a073,test_wcj22_15mins_opmode,pipes/event-based clock,1.0,
2020-02-17T14:00:44.000+0000,1.581948080475E12,Drilling ahead ROT,#00a073,test_wcj22_15mins_opmode,pipes/event-based clock,1.0,
2020-02-17T14:00:45.000+0000,1.581948081485E12,Drilling ahead ROT,#00a073,test_wcj22_15mins_opmode,pipes/event-based clock,1.0,
2020-02-17T14:00:46.000+0000,1.581948082501E12,Drilling ahead ROT,#00a073,test_wcj22_15mins_opmode,pipes/event-based clock,1.0,
2020-02-17T14:00:47.000+0000,1.581948083414E12,Drilling ahead ROT,#00a073,test_wcj22_15mins_opmode,pipes/event-based clock,1.0,
2020-02-17T14:00:48.000+0000,1.581948084542E12,Drilling ahead ROT,#00a073,test_wcj22_15mins_opmode,pipes/event-based clock,1.0,
2020-02-17T14:00:49.000+0000,1.581948085425E12,Drilling ahead ROT,#00a073,test_wcj22_15mins_opmode,pipes/event-based clock,1.0,
2020-02-17T14:00:50.000+0000,1.581948086441E12,Drilling ahead ROT,#00a073,test_wcj22_15mins_opmode,pipes/event-based clock,1.0,
2020-02-17T14:00:51.000+0000,1.581948087448E12,Drilling ahead ROT,#00a073,test_wcj22_15mins_opmode,pipes/event-based clock,1.0,
2020-02-17T14:00:52.000+0000,1.581948088555E12,Drilling ahead ROT,#00a073,test_wcj22_15mins_opmode,pipes/event-based clock,1.0,
2020-02-17T14:00:53.000+0000,1.581948089475E12,Drilling ahead ROT,#00a073,test_wcj22_15mins_opmode,pipes/event-based clock,1.0,
2020-02-17T14:00:54.000+0000,1.581948090584E12,Drilling ahead ROT,#00a073,test_wcj22_15mins_opmode,pipes/event-based clock,1.0,
2020-02-17T14:00:55.000+0000,1.581948091488E12,Drilling ahead ROT,#00a073,test_wcj22_15mins_opmode,pipes/event-based clock,1.0,
2020-02-17T14:00:56.000+0000,1.581948092509E12,Drilling ahead ROT,#00a073,test_wcj22_15mins_opmode,pipes/event-based clock,1.0,
2020-02-17T14:00:57.000+0000,1.581948093402E12,Drilling ahead ROT,#00a073,test_wcj22_15mins_opmode,pipes/event-based clock,1.0,
2020-02-17T14:00:58.000+0000,1.58194809452E12,Drilling ahead ROT,#00a073,test_wcj22_15mins_opmode,pipes/event-based clock,1.0,
2020-02-17T14:00:59.000+0000,1.58194809542E12,Drilling ahead ROT,#00a073,test_wcj22_15mins_opmode,pipes/event-based clock,1.0,
2020-02-17T14:01:00.000+0000,1.581948096433E12,Drilling ahead ROT,#00a073,test_wcj22_15mins_opmode,pipes/event-based clock,1.0,
2020-02-17T14:01:01.000+0000,1.581948097438E12,Drilling ahead ROT,#00a073,test_wcj22_15mins_opmode,pipes/event-based clock,1.0,
2020-02-17T14:01:02.000+0000,1.581948098449E12,Drilling ahead ROT,#00a073,test_wcj22_15mins_opmode,pipes/event-based clock,1.0,
2020-02-17T14:01:03.000+0000,1.581948099473E12,Drilling ahead ROT,#00a073,test_wcj22_15mins_opmode,pipes/event-based clock,1.0,
2020-02-17T14:01:04.000+0000,1.581948100582E12,Drilling ahead ROT,#00a073,test_wcj22_15mins_opmode,pipes/event-based clock,1.0,
2020-02-17T14:01:05.000+0000,1.581948101486E12,Drilling ahead ROT,#00a073,test_wcj22_15mins_opmode,pipes/event-based clock,1.0,
2020-02-17T14:01:06.000+0000,1.581948102589E12,Drilling ahead ROT,#00a073,test_wcj22_15mins_opmode,pipes/event-based clock,1.0,
2020-02-17T14:01:07.000+0000,1.581948103507E12,Drilling ahead ROT,#00a073,test_wcj22_15mins_opmode,pipes/event-based clock,1.0,
2020-02-17T14:01:08.000+0000,1.581948104513E12,Drilling ahead ROT,#00a073,test_wcj22_15mins_opmode,pipes/event-based clock,1.0,
2020-02-17T14:01:09.000+0000,1.581948105418E12,Drilling ahead ROT,#00a073,test_wcj22_15mins_opmode,pipes/event-based clock,1.0,
2020-02-17T14:01:10.000+0000,1.581948106633E12,Drilling ahead ROT,#00a073,test_wcj22_15mins_opmode,pipes/event-based clock,1.0,
2020-02-17T14:01:11.000+0000,1.58194810744E12,Drilling ahead ROT,#00a073,test_wcj22_15mins_opmode,pipes/event-based clock,1.0,
2020-02-17T14:01:12.000+0000,1.581948108448E12,Drilling ahead ROT,#00a073,test_wcj22_15mins_opmode,pipes/event-based clock,1.0,
2020-02-17T14:01:13.000+0000,1.581948109453E12,Drilling ahead ROT,#00a073,test_wcj22_15mins_opmode,pipes/event-based clock,1.0,
2020-02-17T14:01:14.000+0000,1.581948110464E12,Drilling ahead ROT,#00a073,test_wcj22_15mins_opmode,pipes/event-based clock,1.0,
2020-02-17T14:01:15.000+0000,1.581948111388E12,Drilling ahead ROT,#00a073,test_wcj22_15mins_opmode,pipes/event-based clock,1.0,
2020-02-17T14:01:16.000+0000,1.58194811263E12,Drilling ahead ROT,#00a073,test_wcj22_15mins_opmode,pipes/event-based clock,1.0,
2020-02-17T14:01:17.000+0000,1.581948113495E12,Drilling ahead ROT,#00a073,test_wcj22_15mins_opmode,pipes/event-based clock,1.0,
2020-02-17T14:01:18.000+0000,1.581948114505E12,Drilling ahead ROT,#00a073,test_wcj22_15mins_opmode,pipes/event-based clock,1.0,
2020-02-17T14:01:19.000+0000,1.581948115536E12,Drilling ahead ROT,#00a073,test_wcj22_15mins_opmode,pipes/event-based clock,1.0,
2020-02-17T14:01:20.000+0000,1.581948116521E12,Drilling ahead ROT,#00a073,test_wcj22_15mins_opmode,pipes/event-based clock,1.0,
2020-02-17T14:01:21.000+0000,1.581948117428E12,Drilling ahead ROT,#00a073,test_wcj22_15mins_opmode,pipes/event-based clock,1.0,
2020-02-17T14:01:22.000+0000,1.581948118545E12,Drilling ahead ROT,#00a073,test_wcj22_15mins_opmode,pipes/event-based clock,1.0,
2020-02-17T14:01:23.000+0000,1.58194811956E12,Drilling ahead ROT,#00a073,test_wcj22_15mins_opmode,pipes/event-based clock,1.0,
2020-02-17T14:01:24.000+0000,1.581948121639E12,Drilling ahead ROT,#00a073,test_wcj22_15mins_opmode,pipes/event-based clock,1.0,
2020-02-17T14:01:25.000+0000,1.581948121639E12,Drilling ahead ROT,#00a073,test_wcj22_15mins_opmode,pipes/event-based clock,1.0,
2020-02-17T14:01:26.000+0000,1.581948122947E12,Drilling ahead ROT,#00a073,test_wcj22_15mins_opmode,pipes/event-based clock,1.0,
2020-02-17T14:01:27.000+0000,1.581948123736E12,Drilling ahead ROT,#00a073,test_wcj22_15mins_opmode,pipes/event-based clock,1.0,
2020-02-17T14:01:28.000+0000,1.581948124564E12,Drilling ahead ROT,#00a073,test_wcj22_15mins_opmode,pipes/event-based clock,1.0,
2020-02-17T14:01:29.000+0000,1.581948125419E12,Drilling ahead ROT,#00a073,test_wcj22_15mins_opmode,pipes/event-based clock,1.0,
2020-02-17T14:01:30.000+0000,1.581948127184E12,Drilling ahead ROT,#00a073,test_wcj22_15mins_opmode,pipes/event-based clock,1.0,
2020-02-17T14:01:31.000+0000,1.58194812744E12,Drilling ahead ROT,#00a073,test_wcj22_15mins_opmode,pipes/event-based clock,1.0,
2020-02-17T14:01:32.000+0000,1.581948128784E12,Drilling ahead ROT,#00a073,test_wcj22_15mins_opmode,pipes/event-based clock,1.0,
2020-02-17T14:01:33.000+0000,1.58194812963E12,Drilling ahead ROT,#00a073,test_wcj22_15mins_opmode,pipes/event-based clock,1.0,
2020-02-17T14:01:34.000+0000,1.581948130782E12,Drilling ahead ROT,#00a073,test_wcj22_15mins_opmode,pipes/event-based clock,1.0,
2020-02-17T14:01:35.000+0000,1.581948133219E12,Drilling ahead ROT,#00a073,test_wcj22_15mins_opmode,pipes/event-based clock,1.0,
2020-02-17T14:01:36.000+0000,1.581948133232E12,Drilling ahead ROT,#00a073,test_wcj22_15mins_opmode,pipes/event-based clock,1.0,
2020-02-17T14:01:37.000+0000,1.581948134916E12,Drilling ahead ROT,#00a073,test_wcj22_15mins_opmode,pipes/event-based clock,1.0,
2020-02-17T14:01:38.000+0000,1.58194813493E12,Drilling ahead ROT,#00a073,test_wcj22_15mins_opmode,pipes/event-based clock,1.0,
2020-02-17T14:01:39.000+0000,1.581948135539E12,Drilling ahead ROT,#00a073,test_wcj22_15mins_opmode,pipes/event-based clock,1.0,
2020-02-17T14:01:40.000+0000,1.581948136738E12,Drilling ahead ROT,#00a073,test_wcj22_15mins_opmode,pipes/event-based clock,1.0,
2020-02-17T14:01:41.000+0000,1.581948137485E12,Drilling ahead ROT,#00a073,test_wcj22_15mins_opmode,pipes/event-based clock,1.0,
2020-02-17T14:01:42.000+0000,1.581948138741E12,Drilling ahead ROT,#00a073,test_wcj22_15mins_opmode,pipes/event-based clock,1.0,
2020-02-17T14:01:43.000+0000,1.581948139535E12,Drilling ahead ROT,#00a073,test_wcj22_15mins_opmode,pipes/event-based clock,1.0,
2020-02-17T14:01:44.000+0000,1.581948140487E12,Drilling ahead ROT,#00a073,test_wcj22_15mins_opmode,pipes/event-based clock,1.0,
2020-02-17T14:01:45.000+0000,1.5819481415E12,Drilling ahead ROT,#00a073,test_wcj22_15mins_opmode,pipes/event-based clock,1.0,
2020-02-17T14:01:46.000+0000,1.581948142522E12,Drilling ahead ROT,#00a073,test_wcj22_15mins_opmode,pipes/event-based clock,1.0,
2020-02-17T14:01:47.000+0000,1.58194814343E12,Drilling ahead ROT,#00a073,test_wcj22_15mins_opmode,pipes/event-based clock,1.0,
2020-02-17T14:01:48.000+0000,1.581948144626E12,Drilling ahead ROT,#00a073,test_wcj22_15mins_opmode,pipes/event-based clock,1.0,
2020-02-17T14:01:49.000+0000,1.58194814545E12,Drilling ahead ROT,#00a073,test_wcj22_15mins_opmode,pipes/event-based clock,1.0,
2020-02-17T14:01:50.000+0000,1.581948146449E12,Drilling ahead ROT,#00a073,test_wcj22_15mins_opmode,pipes/event-based clock,1.0,
2020-02-17T14:01:51.000+0000,1.581948147488E12,Drilling ahead ROT,#00a073,test_wcj22_15mins_opmode,pipes/event-based clock,1.0,
2020-02-17T14:01:52.000+0000,1.581948148578E12,Drilling ahead ROT,#00a073,test_wcj22_15mins_opmode,pipes/event-based clock,1.0,
2020-02-17T14:01:53.000+0000,1.581948149479E12,Drilling ahead ROT,#00a073,test_wcj22_15mins_opmode,pipes/event-based clock,1.0,
2020-02-17T14:01:54.000+0000,1.581948150585E12,Drilling ahead ROT,#00a073,test_wcj22_15mins_opmode,pipes/event-based clock,1.0,
2020-02-17T14:01:55.000+0000,1.581948151504E12,Drilling ahead ROT,#00a073,test_wcj22_15mins_opmode,pipes/event-based clock,1.0,
2020-02-17T14:01:56.000+0000,1.581948152523E12,Drilling ahead ROT,#00a073,test_wcj22_15mins_opmode,pipes/event-based clock,1.0,
2020-02-17T14:01:57.000+0000,1.581948153427E12,Drilling ahead ROT,#00a073,test_wcj22_15mins_opmode,pipes/event-based clock,1.0,
2020-02-17T14:01:58.000+0000,1.581948154526E12,Drilling ahead ROT,#00a073,test_wcj22_15mins_opmode,pipes/event-based clock,1.0,
2020-02-17T14:01:59.000+0000,1.581948155438E12,Drilling ahead ROT,#00a073,test_wcj22_15mins_opmode,pipes/event-based clock,1.0,
