[{"__oldTimestamp":1.581948036538E12,"Drilling ahead ROT":1.0,"__mode":"Drilling ahead ROT","timestamp":1.581948E12,"__color":"#00a073","__type":"test_wcj22_15mins_opmode","__src":"pipes/event-based clock"}]
[{"__oldTimestamp":1.581948037458E12,"Drilling ahead ROT":1.0,"__mode":"Drilling ahead ROT","timestamp":1.581948001E12,"__color":"#00a073","__type":"test_wcj22_15mins_opmode","__src":"pipes/event-based clock"}]
[{"__oldTimestamp":1.581948038467E12,"Drilling ahead ROT":1.0,"__mode":"Drilling ahead ROT","timestamp":1.581948002E12,"__color":"#00a073","__type":"test_wcj22_15mins_opmode","__src":"pipes/event-based clock"}]
[{"__oldTimestamp":1.581948039475E12,"Drilling ahead ROT":1.0,"__mode":"Drilling ahead ROT","timestamp":1.581948003E12,"__color":"#00a073","__type":"test_wcj22_15mins_opmode","__src":"pipes/event-based clock"}]
[{"__oldTimestamp":1.581948040479E12,"Drilling ahead ROT":1.0,"__mode":"Drilling ahead ROT","timestamp":1.581948004E12,"__color":"#00a073","__type":"test_wcj22_15mins_opmode","__src":"pipes/event-based clock"}]
[{"__oldTimestamp":1.581948041399E12,"Drilling ahead ROT":1.0,"__mode":"Drilling ahead ROT","timestamp":1.581948005E12,"__color":"#00a073","__type":"test_wcj22_15mins_opmode","__src":"pipes/event-based clock"}]
[{"__oldTimestamp":1.581948042518E12,"Drilling ahead ROT":1.0,"__mode":"Drilling ahead ROT","timestamp":1.581948006E12,"__color":"#00a073","__type":"test_wcj22_15mins_opmode","__src":"pipes/event-based clock"}]
[{"__oldTimestamp":1.581948043532E12,"Drilling ahead ROT":1.0,"__mode":"Drilling ahead ROT","timestamp":1.581948007E12,"__color":"#00a073","__type":"test_wcj22_15mins_opmode","__src":"pipes/event-based clock"}]
[{"__oldTimestamp":1.581948044544E12,"Drilling ahead ROT":1.0,"__mode":"Drilling ahead ROT","timestamp":1.581948008E12,"__color":"#00a073","__type":"test_wcj22_15mins_opmode","__src":"pipes/event-based clock"}]
[{"__oldTimestamp":1.581948045524E12,"Drilling ahead ROT":1.0,"__mode":"Drilling ahead ROT","timestamp":1.581948009E12,"__color":"#00a073","__type":"test_wcj22_15mins_opmode","__src":"pipes/event-based clock"}]
[{"__oldTimestamp":1.581948046544E12,"Drilling ahead ROT":1.0,"__mode":"Drilling ahead ROT","timestamp":1.58194801E12,"__color":"#00a073","__type":"test_wcj22_15mins_opmode","__src":"pipes/event-based clock"}]
[{"__oldTimestamp":1.581948047443E12,"Drilling ahead ROT":1.0,"__mode":"Drilling ahead ROT","timestamp":1.581948011E12,"__color":"#00a073","__type":"test_wcj22_15mins_opmode","__src":"pipes/event-based clock"}]
[{"__oldTimestamp":1.581948048724E12,"Drilling ahead ROT":1.0,"__mode":"Drilling ahead ROT","timestamp":1.581948012E12,"__color":"#00a073","__type":"test_wcj22_15mins_opmode","__src":"pipes/event-based clock"}]
[{"__oldTimestamp":1.581948049465E12,"Drilling ahead ROT":1.0,"__mode":"Drilling ahead ROT","timestamp":1.581948013E12,"__color":"#00a073","__type":"test_wcj22_15mins_opmode","__src":"pipes/event-based clock"}]
[{"__oldTimestamp":1.58194805067E12,"Drilling ahead ROT":1.0,"__mode":"Drilling ahead ROT","timestamp":1.581948014E12,"__color":"#00a073","__type":"test_wcj22_15mins_opmode","__src":"pipes/event-based clock"}]
[{"__oldTimestamp":1.581948051481E12,"Drilling ahead ROT":1.0,"__mode":"Drilling ahead ROT","timestamp":1.581948015E12,"__color":"#00a073","__type":"test_wcj22_15mins_opmode","__src":"pipes/event-based clock"}]
[{"__oldTimestamp":1.58194805249E12,"Drilling ahead ROT":1.0,"__mode":"Drilling ahead ROT","timestamp":1.581948016E12,"__color":"#00a073","__type":"test_wcj22_15mins_opmode","__src":"pipes/event-based clock"}]
[{"__oldTimestamp":1.5819480534E12,"Drilling ahead ROT":1.0,"__mode":"Drilling ahead ROT","timestamp":1.581948017E12,"__color":"#00a073","__type":"test_wcj22_15mins_opmode","__src":"pipes/event-based clock"}]
[{"__oldTimestamp":1.581948054521E12,"Drilling ahead ROT":1.0,"__mode":"Drilling ahead ROT","timestamp":1.581948018E12,"__color":"#00a073","__type":"test_wcj22_15mins_opmode","__src":"pipes/event-based clock"}]
[{"__oldTimestamp":1.581948055421E12,"Drilling ahead ROT":1.0,"__mode":"Drilling ahead ROT","timestamp":1.581948019E12,"__color":"#00a073","__type":"test_wcj22_15mins_opmode","__src":"pipes/event-based clock"}]
[{"__oldTimestamp":1.581948056526E12,"Drilling ahead ROT":1.0,"__mode":"Drilling ahead ROT","timestamp":1.58194802E12,"__color":"#00a073","__type":"test_wcj22_15mins_opmode","__src":"pipes/event-based clock"}]
[{"__oldTimestamp":1.581948057547E12,"Drilling ahead ROT":1.0,"__mode":"Drilling ahead ROT","timestamp":1.581948021E12,"__color":"#00a073","__type":"test_wcj22_15mins_opmode","__src":"pipes/event-based clock"}]
[{"__oldTimestamp":1.581948058551E12,"Drilling ahead ROT":1.0,"__mode":"Drilling ahead ROT","timestamp":1.581948022E12,"__color":"#00a073","__type":"test_wcj22_15mins_opmode","__src":"pipes/event-based clock"}]
[{"__oldTimestamp":1.581948059477E12,"Drilling ahead ROT":1.0,"__mode":"Drilling ahead ROT","timestamp":1.581948023E12,"__color":"#00a073","__type":"test_wcj22_15mins_opmode","__src":"pipes/event-based clock"}]
[{"__oldTimestamp":1.581948060615E12,"Drilling ahead ROT":1.0,"__mode":"Drilling ahead ROT","timestamp":1.581948024E12,"__color":"#00a073","__type":"test_wcj22_15mins_opmode","__src":"pipes/event-based clock"}]
[{"__oldTimestamp":1.581948062129E12,"Drilling ahead ROT":1.0,"__mode":"Drilling ahead ROT","timestamp":1.581948025E12,"__color":"#00a073","__type":"test_wcj22_15mins_opmode","__src":"pipes/event-based clock"}]
[{"__oldTimestamp":1.581948062498E12,"Drilling ahead ROT":1.0,"__mode":"Drilling ahead ROT","timestamp":1.581948026E12,"__color":"#00a073","__type":"test_wcj22_15mins_opmode","__src":"pipes/event-based clock"}]
[{"__oldTimestamp":1.581948063407E12,"Drilling ahead ROT":1.0,"__mode":"Drilling ahead ROT","timestamp":1.581948027E12,"__color":"#00a073","__type":"test_wcj22_15mins_opmode","__src":"pipes/event-based clock"}]
[{"__oldTimestamp":1.581948064515E12,"Drilling ahead ROT":1.0,"__mode":"Drilling ahead ROT","timestamp":1.581948028E12,"__color":"#00a073","__type":"test_wcj22_15mins_opmode","__src":"pipes/event-based clock"}]
[{"__oldTimestamp":1.58194806542E12,"Drilling ahead ROT":1.0,"__mode":"Drilling ahead ROT","timestamp":1.581948029E12,"__color":"#00a073","__type":"test_wcj22_15mins_opmode","__src":"pipes/event-based clock"}]
[{"__oldTimestamp":1.581948066445E12,"Drilling ahead ROT":1.0,"__mode":"Drilling ahead ROT","timestamp":1.58194803E12,"__color":"#00a073","__type":"test_wcj22_15mins_opmode","__src":"pipes/event-based clock"}]
[{"__oldTimestamp":1.581948067438E12,"Drilling ahead ROT":1.0,"__mode":"Drilling ahead ROT","timestamp":1.581948031E12,"__color":"#00a073","__type":"test_wcj22_15mins_opmode","__src":"pipes/event-based clock"}]
[{"__oldTimestamp":1.581948068454E12,"Drilling ahead ROT":1.0,"__mode":"Drilling ahead ROT","timestamp":1.581948032E12,"__color":"#00a073","__type":"test_wcj22_15mins_opmode","__src":"pipes/event-based clock"}]
[{"__oldTimestamp":1.581948069483E12,"Drilling ahead ROT":1.0,"__mode":"Drilling ahead ROT","timestamp":1.581948033E12,"__color":"#00a073","__type":"test_wcj22_15mins_opmode","__src":"pipes/event-based clock"}]
[{"__oldTimestamp":1.581948070569E12,"Drilling ahead ROT":1.0,"__mode":"Drilling ahead ROT","timestamp":1.581948034E12,"__color":"#00a073","__type":"test_wcj22_15mins_opmode","__src":"pipes/event-based clock"}]
[{"__oldTimestamp":1.581948071479E12,"Drilling ahead ROT":1.0,"__mode":"Drilling ahead ROT","timestamp":1.581948035E12,"__color":"#00a073","__type":"test_wcj22_15mins_opmode","__src":"pipes/event-based clock"}]
[{"__oldTimestamp":1.581948072588E12,"Drilling ahead ROT":1.0,"__mode":"Drilling ahead ROT","timestamp":1.581948036E12,"__color":"#00a073","__type":"test_wcj22_15mins_opmode","__src":"pipes/event-based clock"}]
[{"__oldTimestamp":1.581948073404E12,"Drilling ahead ROT":1.0,"__mode":"Drilling ahead ROT","timestamp":1.581948037E12,"__color":"#00a073","__type":"test_wcj22_15mins_opmode","__src":"pipes/event-based clock"}]
[{"__oldTimestamp":1.581948074606E12,"Drilling ahead ROT":1.0,"__mode":"Drilling ahead ROT","timestamp":1.581948038E12,"__color":"#00a073","__type":"test_wcj22_15mins_opmode","__src":"pipes/event-based clock"}]
[{"__oldTimestamp":1.58194807552E12,"Drilling ahead ROT":1.0,"__mode":"Drilling ahead ROT","timestamp":1.581948039E12,"__color":"#00a073","__type":"test_wcj22_15mins_opmode","__src":"pipes/event-based clock"}]
[{"__oldTimestamp":1.581948076635E12,"Drilling ahead ROT":1.0,"__mode":"Drilling ahead ROT","timestamp":1.58194804E12,"__color":"#00a073","__type":"test_wcj22_15mins_opmode","__src":"pipes/event-based clock"}]
[{"__oldTimestamp":1.581948077444E12,"Drilling ahead ROT":1.0,"__mode":"Drilling ahead ROT","timestamp":1.581948041E12,"__color":"#00a073","__type":"test_wcj22_15mins_opmode","__src":"pipes/event-based clock"}]
[{"__oldTimestamp":1.581948078756E12,"Drilling ahead ROT":1.0,"__mode":"Drilling ahead ROT","timestamp":1.581948042E12,"__color":"#00a073","__type":"test_wcj22_15mins_opmode","__src":"pipes/event-based clock"}]
[{"__oldTimestamp":1.581948079469E12,"Drilling ahead ROT":1.0,"__mode":"Drilling ahead ROT","timestamp":1.581948043E12,"__color":"#00a073","__type":"test_wcj22_15mins_opmode","__src":"pipes/event-based clock"}]
[{"__oldTimestamp":1.581948080475E12,"Drilling ahead ROT":1.0,"__mode":"Drilling ahead ROT","timestamp":1.581948044E12,"__color":"#00a073","__type":"test_wcj22_15mins_opmode","__src":"pipes/event-based clock"}]
[{"__oldTimestamp":1.581948081485E12,"Drilling ahead ROT":1.0,"__mode":"Drilling ahead ROT","timestamp":1.581948045E12,"__color":"#00a073","__type":"test_wcj22_15mins_opmode","__src":"pipes/event-based clock"}]
[{"__oldTimestamp":1.581948082501E12,"Drilling ahead ROT":1.0,"__mode":"Drilling ahead ROT","timestamp":1.581948046E12,"__color":"#00a073","__type":"test_wcj22_15mins_opmode","__src":"pipes/event-based clock"}]
[{"__oldTimestamp":1.581948083414E12,"Drilling ahead ROT":1.0,"__mode":"Drilling ahead ROT","timestamp":1.581948047E12,"__color":"#00a073","__type":"test_wcj22_15mins_opmode","__src":"pipes/event-based clock"}]
[{"__oldTimestamp":1.581948084542E12,"Drilling ahead ROT":1.0,"__mode":"Drilling ahead ROT","timestamp":1.581948048E12,"__color":"#00a073","__type":"test_wcj22_15mins_opmode","__src":"pipes/event-based clock"}]
[{"__oldTimestamp":1.581948085425E12,"Drilling ahead ROT":1.0,"__mode":"Drilling ahead ROT","timestamp":1.581948049E12,"__color":"#00a073","__type":"test_wcj22_15mins_opmode","__src":"pipes/event-based clock"}]
[{"__oldTimestamp":1.581948086441E12,"Drilling ahead ROT":1.0,"__mode":"Drilling ahead ROT","timestamp":1.58194805E12,"__color":"#00a073","__type":"test_wcj22_15mins_opmode","__src":"pipes/event-based clock"}]
[{"__oldTimestamp":1.581948087448E12,"Drilling ahead ROT":1.0,"__mode":"Drilling ahead ROT","timestamp":1.581948051E12,"__color":"#00a073","__type":"test_wcj22_15mins_opmode","__src":"pipes/event-based clock"}]
[{"__oldTimestamp":1.581948088555E12,"Drilling ahead ROT":1.0,"__mode":"Drilling ahead ROT","timestamp":1.581948052E12,"__color":"#00a073","__type":"test_wcj22_15mins_opmode","__src":"pipes/event-based clock"}]
[{"__oldTimestamp":1.581948089475E12,"Drilling ahead ROT":1.0,"__mode":"Drilling ahead ROT","timestamp":1.581948053E12,"__color":"#00a073","__type":"test_wcj22_15mins_opmode","__src":"pipes/event-based clock"}]
[{"__oldTimestamp":1.581948090584E12,"Drilling ahead ROT":1.0,"__mode":"Drilling ahead ROT","timestamp":1.581948054E12,"__color":"#00a073","__type":"test_wcj22_15mins_opmode","__src":"pipes/event-based clock"}]
[{"__oldTimestamp":1.581948091488E12,"Drilling ahead ROT":1.0,"__mode":"Drilling ahead ROT","timestamp":1.581948055E12,"__color":"#00a073","__type":"test_wcj22_15mins_opmode","__src":"pipes/event-based clock"}]
[{"__oldTimestamp":1.581948092509E12,"Drilling ahead ROT":1.0,"__mode":"Drilling ahead ROT","timestamp":1.581948056E12,"__color":"#00a073","__type":"test_wcj22_15mins_opmode","__src":"pipes/event-based clock"}]
[{"__oldTimestamp":1.581948093402E12,"Drilling ahead ROT":1.0,"__mode":"Drilling ahead ROT","timestamp":1.581948057E12,"__color":"#00a073","__type":"test_wcj22_15mins_opmode","__src":"pipes/event-based clock"}]
[{"__oldTimestamp":1.58194809452E12,"Drilling ahead ROT":1.0,"__mode":"Drilling ahead ROT","timestamp":1.581948058E12,"__color":"#00a073","__type":"test_wcj22_15mins_opmode","__src":"pipes/event-based clock"}]
[{"__oldTimestamp":1.58194809542E12,"Drilling ahead ROT":1.0,"__mode":"Drilling ahead ROT","timestamp":1.581948059E12,"__color":"#00a073","__type":"test_wcj22_15mins_opmode","__src":"pipes/event-based clock"}]
[{"__oldTimestamp":1.581948096433E12,"Drilling ahead ROT":1.0,"__mode":"Drilling ahead ROT","timestamp":1.58194806E12,"__color":"#00a073","__type":"test_wcj22_15mins_opmode","__src":"pipes/event-based clock"}]
[{"__oldTimestamp":1.581948097438E12,"Drilling ahead ROT":1.0,"__mode":"Drilling ahead ROT","timestamp":1.581948061E12,"__color":"#00a073","__type":"test_wcj22_15mins_opmode","__src":"pipes/event-based clock"}]
[{"__oldTimestamp":1.581948098449E12,"Drilling ahead ROT":1.0,"__mode":"Drilling ahead ROT","timestamp":1.581948062E12,"__color":"#00a073","__type":"test_wcj22_15mins_opmode","__src":"pipes/event-based clock"}]
[{"__oldTimestamp":1.581948099473E12,"Drilling ahead ROT":1.0,"__mode":"Drilling ahead ROT","timestamp":1.581948063E12,"__color":"#00a073","__type":"test_wcj22_15mins_opmode","__src":"pipes/event-based clock"}]
[{"__oldTimestamp":1.581948100582E12,"Drilling ahead ROT":1.0,"__mode":"Drilling ahead ROT","timestamp":1.581948064E12,"__color":"#00a073","__type":"test_wcj22_15mins_opmode","__src":"pipes/event-based clock"}]
[{"__oldTimestamp":1.581948101486E12,"Drilling ahead ROT":1.0,"__mode":"Drilling ahead ROT","timestamp":1.581948065E12,"__color":"#00a073","__type":"test_wcj22_15mins_opmode","__src":"pipes/event-based clock"}]
[{"__oldTimestamp":1.581948102589E12,"Drilling ahead ROT":1.0,"__mode":"Drilling ahead ROT","timestamp":1.581948066E12,"__color":"#00a073","__type":"test_wcj22_15mins_opmode","__src":"pipes/event-based clock"}]
[{"__oldTimestamp":1.581948103507E12,"Drilling ahead ROT":1.0,"__mode":"Drilling ahead ROT","timestamp":1.581948067E12,"__color":"#00a073","__type":"test_wcj22_15mins_opmode","__src":"pipes/event-based clock"}]
[{"__oldTimestamp":1.581948104513E12,"Drilling ahead ROT":1.0,"__mode":"Drilling ahead ROT","timestamp":1.581948068E12,"__color":"#00a073","__type":"test_wcj22_15mins_opmode","__src":"pipes/event-based clock"}]
[{"__oldTimestamp":1.581948105418E12,"Drilling ahead ROT":1.0,"__mode":"Drilling ahead ROT","timestamp":1.581948069E12,"__color":"#00a073","__type":"test_wcj22_15mins_opmode","__src":"pipes/event-based clock"}]
[{"__oldTimestamp":1.581948106633E12,"Drilling ahead ROT":1.0,"__mode":"Drilling ahead ROT","timestamp":1.58194807E12,"__color":"#00a073","__type":"test_wcj22_15mins_opmode","__src":"pipes/event-based clock"}]
[{"__oldTimestamp":1.58194810744E12,"Drilling ahead ROT":1.0,"__mode":"Drilling ahead ROT","timestamp":1.581948071E12,"__color":"#00a073","__type":"test_wcj22_15mins_opmode","__src":"pipes/event-based clock"}]
[{"__oldTimestamp":1.581948108448E12,"Drilling ahead ROT":1.0,"__mode":"Drilling ahead ROT","timestamp":1.581948072E12,"__color":"#00a073","__type":"test_wcj22_15mins_opmode","__src":"pipes/event-based clock"}]
[{"__oldTimestamp":1.581948109453E12,"Drilling ahead ROT":1.0,"__mode":"Drilling ahead ROT","timestamp":1.581948073E12,"__color":"#00a073","__type":"test_wcj22_15mins_opmode","__src":"pipes/event-based clock"}]
[{"__oldTimestamp":1.581948110464E12,"Drilling ahead ROT":1.0,"__mode":"Drilling ahead ROT","timestamp":1.581948074E12,"__color":"#00a073","__type":"test_wcj22_15mins_opmode","__src":"pipes/event-based clock"}]
[{"__oldTimestamp":1.581948111388E12,"Drilling ahead ROT":1.0,"__mode":"Drilling ahead ROT","timestamp":1.581948075E12,"__color":"#00a073","__type":"test_wcj22_15mins_opmode","__src":"pipes/event-based clock"}]
[{"__oldTimestamp":1.58194811263E12,"Drilling ahead ROT":1.0,"__mode":"Drilling ahead ROT","timestamp":1.581948076E12,"__color":"#00a073","__type":"test_wcj22_15mins_opmode","__src":"pipes/event-based clock"}]
[{"__oldTimestamp":1.581948113495E12,"Drilling ahead ROT":1.0,"__mode":"Drilling ahead ROT","timestamp":1.581948077E12,"__color":"#00a073","__type":"test_wcj22_15mins_opmode","__src":"pipes/event-based clock"}]
[{"__oldTimestamp":1.581948114505E12,"Drilling ahead ROT":1.0,"__mode":"Drilling ahead ROT","timestamp":1.581948078E12,"__color":"#00a073","__type":"test_wcj22_15mins_opmode","__src":"pipes/event-based clock"}]
[{"__oldTimestamp":1.581948115536E12,"Drilling ahead ROT":1.0,"__mode":"Drilling ahead ROT","timestamp":1.581948079E12,"__color":"#00a073","__type":"test_wcj22_15mins_opmode","__src":"pipes/event-based clock"}]
[{"__oldTimestamp":1.581948116521E12,"Drilling ahead ROT":1.0,"__mode":"Drilling ahead ROT","timestamp":1.58194808E12,"__color":"#00a073","__type":"test_wcj22_15mins_opmode","__src":"pipes/event-based clock"}]
[{"__oldTimestamp":1.581948117428E12,"Drilling ahead ROT":1.0,"__mode":"Drilling ahead ROT","timestamp":1.581948081E12,"__color":"#00a073","__type":"test_wcj22_15mins_opmode","__src":"pipes/event-based clock"}]
[{"__oldTimestamp":1.581948118545E12,"Drilling ahead ROT":1.0,"__mode":"Drilling ahead ROT","timestamp":1.581948082E12,"__color":"#00a073","__type":"test_wcj22_15mins_opmode","__src":"pipes/event-based clock"}]
[{"__oldTimestamp":1.58194811956E12,"Drilling ahead ROT":1.0,"__mode":"Drilling ahead ROT","timestamp":1.581948083E12,"__color":"#00a073","__type":"test_wcj22_15mins_opmode","__src":"pipes/event-based clock"}]
[{"__oldTimestamp":1.581948121639E12,"Drilling ahead ROT":1.0,"__mode":"Drilling ahead ROT","timestamp":1.581948084E12,"__color":"#00a073","__type":"test_wcj22_15mins_opmode","__src":"pipes/event-based clock"}]
[{"__oldTimestamp":1.581948121639E12,"Drilling ahead ROT":1.0,"__mode":"Drilling ahead ROT","timestamp":1.581948085E12,"__color":"#00a073","__type":"test_wcj22_15mins_opmode","__src":"pipes/event-based clock"}]
[{"__oldTimestamp":1.581948122947E12,"Drilling ahead ROT":1.0,"__mode":"Drilling ahead ROT","timestamp":1.581948086E12,"__color":"#00a073","__type":"test_wcj22_15mins_opmode","__src":"pipes/event-based clock"}]
[{"__oldTimestamp":1.581948123736E12,"Drilling ahead ROT":1.0,"__mode":"Drilling ahead ROT","timestamp":1.581948087E12,"__color":"#00a073","__type":"test_wcj22_15mins_opmode","__src":"pipes/event-based clock"}]
[{"__oldTimestamp":1.581948124564E12,"Drilling ahead ROT":1.0,"__mode":"Drilling ahead ROT","timestamp":1.581948088E12,"__color":"#00a073","__type":"test_wcj22_15mins_opmode","__src":"pipes/event-based clock"}]
[{"__oldTimestamp":1.581948125419E12,"Drilling ahead ROT":1.0,"__mode":"Drilling ahead ROT","timestamp":1.581948089E12,"__color":"#00a073","__type":"test_wcj22_15mins_opmode","__src":"pipes/event-based clock"}]
[{"__oldTimestamp":1.581948127184E12,"Drilling ahead ROT":1.0,"__mode":"Drilling ahead ROT","timestamp":1.58194809E12,"__color":"#00a073","__type":"test_wcj22_15mins_opmode","__src":"pipes/event-based clock"}]
[{"__oldTimestamp":1.58194812744E12,"Drilling ahead ROT":1.0,"__mode":"Drilling ahead ROT","timestamp":1.581948091E12,"__color":"#00a073","__type":"test_wcj22_15mins_opmode","__src":"pipes/event-based clock"}]
[{"__oldTimestamp":1.581948128784E12,"Drilling ahead ROT":1.0,"__mode":"Drilling ahead ROT","timestamp":1.581948092E12,"__color":"#00a073","__type":"test_wcj22_15mins_opmode","__src":"pipes/event-based clock"}]
[{"__oldTimestamp":1.58194812963E12,"Drilling ahead ROT":1.0,"__mode":"Drilling ahead ROT","timestamp":1.581948093E12,"__color":"#00a073","__type":"test_wcj22_15mins_opmode","__src":"pipes/event-based clock"}]
[{"__oldTimestamp":1.581948130782E12,"Drilling ahead ROT":1.0,"__mode":"Drilling ahead ROT","timestamp":1.581948094E12,"__color":"#00a073","__type":"test_wcj22_15mins_opmode","__src":"pipes/event-based clock"}]
[{"__oldTimestamp":1.581948133219E12,"Drilling ahead ROT":1.0,"__mode":"Drilling ahead ROT","timestamp":1.581948095E12,"__color":"#00a073","__type":"test_wcj22_15mins_opmode","__src":"pipes/event-based clock"}]
[{"__oldTimestamp":1.581948133232E12,"Drilling ahead ROT":1.0,"__mode":"Drilling ahead ROT","timestamp":1.581948096E12,"__color":"#00a073","__type":"test_wcj22_15mins_opmode","__src":"pipes/event-based clock"}]
[{"__oldTimestamp":1.581948134916E12,"Drilling ahead ROT":1.0,"__mode":"Drilling ahead ROT","timestamp":1.581948097E12,"__color":"#00a073","__type":"test_wcj22_15mins_opmode","__src":"pipes/event-based clock"}]
[{"__oldTimestamp":1.58194813493E12,"Drilling ahead ROT":1.0,"__mode":"Drilling ahead ROT","timestamp":1.581948098E12,"__color":"#00a073","__type":"test_wcj22_15mins_opmode","__src":"pipes/event-based clock"}]
[{"__oldTimestamp":1.581948135539E12,"Drilling ahead ROT":1.0,"__mode":"Drilling ahead ROT","timestamp":1.581948099E12,"__color":"#00a073","__type":"test_wcj22_15mins_opmode","__src":"pipes/event-based clock"}]
[{"__oldTimestamp":1.581948136738E12,"Drilling ahead ROT":1.0,"__mode":"Drilling ahead ROT","timestamp":1.5819481E12,"__color":"#00a073","__type":"test_wcj22_15mins_opmode","__src":"pipes/event-based clock"}]
[{"__oldTimestamp":1.581948137485E12,"Drilling ahead ROT":1.0,"__mode":"Drilling ahead ROT","timestamp":1.581948101E12,"__color":"#00a073","__type":"test_wcj22_15mins_opmode","__src":"pipes/event-based clock"}]
[{"__oldTimestamp":1.581948138741E12,"Drilling ahead ROT":1.0,"__mode":"Drilling ahead ROT","timestamp":1.581948102E12,"__color":"#00a073","__type":"test_wcj22_15mins_opmode","__src":"pipes/event-based clock"}]
[{"__oldTimestamp":1.581948139535E12,"Drilling ahead ROT":1.0,"__mode":"Drilling ahead ROT","timestamp":1.581948103E12,"__color":"#00a073","__type":"test_wcj22_15mins_opmode","__src":"pipes/event-based clock"}]
[{"__oldTimestamp":1.581948140487E12,"Drilling ahead ROT":1.0,"__mode":"Drilling ahead ROT","timestamp":1.581948104E12,"__color":"#00a073","__type":"test_wcj22_15mins_opmode","__src":"pipes/event-based clock"}]
[{"__oldTimestamp":1.5819481415E12,"Drilling ahead ROT":1.0,"__mode":"Drilling ahead ROT","timestamp":1.581948105E12,"__color":"#00a073","__type":"test_wcj22_15mins_opmode","__src":"pipes/event-based clock"}]
[{"__oldTimestamp":1.581948142522E12,"Drilling ahead ROT":1.0,"__mode":"Drilling ahead ROT","timestamp":1.581948106E12,"__color":"#00a073","__type":"test_wcj22_15mins_opmode","__src":"pipes/event-based clock"}]
[{"__oldTimestamp":1.58194814343E12,"Drilling ahead ROT":1.0,"__mode":"Drilling ahead ROT","timestamp":1.581948107E12,"__color":"#00a073","__type":"test_wcj22_15mins_opmode","__src":"pipes/event-based clock"}]
[{"__oldTimestamp":1.581948144626E12,"Drilling ahead ROT":1.0,"__mode":"Drilling ahead ROT","timestamp":1.581948108E12,"__color":"#00a073","__type":"test_wcj22_15mins_opmode","__src":"pipes/event-based clock"}]
[{"__oldTimestamp":1.58194814545E12,"Drilling ahead ROT":1.0,"__mode":"Drilling ahead ROT","timestamp":1.581948109E12,"__color":"#00a073","__type":"test_wcj22_15mins_opmode","__src":"pipes/event-based clock"}]
[{"__oldTimestamp":1.581948146449E12,"Drilling ahead ROT":1.0,"__mode":"Drilling ahead ROT","timestamp":1.58194811E12,"__color":"#00a073","__type":"test_wcj22_15mins_opmode","__src":"pipes/event-based clock"}]
[{"__oldTimestamp":1.581948147488E12,"Drilling ahead ROT":1.0,"__mode":"Drilling ahead ROT","timestamp":1.581948111E12,"__color":"#00a073","__type":"test_wcj22_15mins_opmode","__src":"pipes/event-based clock"}]
[{"__oldTimestamp":1.581948148578E12,"Drilling ahead ROT":1.0,"__mode":"Drilling ahead ROT","timestamp":1.581948112E12,"__color":"#00a073","__type":"test_wcj22_15mins_opmode","__src":"pipes/event-based clock"}]
[{"__oldTimestamp":1.581948149479E12,"Drilling ahead ROT":1.0,"__mode":"Drilling ahead ROT","timestamp":1.581948113E12,"__color":"#00a073","__type":"test_wcj22_15mins_opmode","__src":"pipes/event-based clock"}]
[{"__oldTimestamp":1.581948150585E12,"Drilling ahead ROT":1.0,"__mode":"Drilling ahead ROT","timestamp":1.581948114E12,"__color":"#00a073","__type":"test_wcj22_15mins_opmode","__src":"pipes/event-based clock"}]
[{"__oldTimestamp":1.581948151504E12,"Drilling ahead ROT":1.0,"__mode":"Drilling ahead ROT","timestamp":1.581948115E12,"__color":"#00a073","__type":"test_wcj22_15mins_opmode","__src":"pipes/event-based clock"}]
[{"__oldTimestamp":1.581948152523E12,"Drilling ahead ROT":1.0,"__mode":"Drilling ahead ROT","timestamp":1.581948116E12,"__color":"#00a073","__type":"test_wcj22_15mins_opmode","__src":"pipes/event-based clock"}]
[{"__oldTimestamp":1.581948153427E12,"Drilling ahead ROT":1.0,"__mode":"Drilling ahead ROT","timestamp":1.581948117E12,"__color":"#00a073","__type":"test_wcj22_15mins_opmode","__src":"pipes/event-based clock"}]
[{"__oldTimestamp":1.581948154526E12,"Drilling ahead ROT":1.0,"__mode":"Drilling ahead ROT","timestamp":1.581948118E12,"__color":"#00a073","__type":"test_wcj22_15mins_opmode","__src":"pipes/event-based clock"}]
[{"__oldTimestamp":1.581948155438E12,"Drilling ahead ROT":1.0,"__mode":"Drilling ahead ROT","timestamp":1.581948119E12,"__color":"#00a073","__type":"test_wcj22_15mins_opmode","__src":"pipes/event-based clock"}]
